Metric,Average Value
Physical LOC,14.288461538461538
Cyclomatic Complexity,7.264957264957265
Halstead Complexity,49.64529914529915
Maintainability Index,20.299316239316244
Cognitive Complexity,4.1431623931623935
