Metric,Average Value
Physical LOC,14.806652806652806
Cyclomatic Complexity,7.521829521829522
Halstead Complexity,50.71101871101871
Maintainability Index,19.110968220968225
Cognitive Complexity,4.261954261954262
